{
  "project_info": {
    "project_number": "486218795442",
    "project_id": "fir-formubashir",
    "storage_bucket": "fir-formubashir.appspot.com"
  },
  "client": [
    {
      "client_info": {
        "mobilesdk_app_id": "1:486218795442:android:556ac20cc6de2a99b17cab",
        "android_client_info": {
          "package_name": "com.pashatabbed.firebasedatabaseformubashir"
        }
      },
      "oauth_client": [
        {
          "client_id": "486218795442-t5hqkdnu8fcct3e5kemeiv5v2heuacco.apps.googleusercontent.com",
          "client_type": 3
        }
      ],
      "api_key": [
        {
          "current_key": "AIzaSyAli-tKr9CLE77pnfR4jyUgv2K_XE6xnHY"
        }
      ],
      "services": {
        "appinvite_service": {
          "other_platform_oauth_client": [
            {
              "client_id": "486218795442-t5hqkdnu8fcct3e5kemeiv5v2heuacco.apps.googleusercontent.com",
              "client_type": 3
            }
          ]
        }
      }
    }
  ],
  "configuration_version": "1"
}